difficulty_level,focus_level,completion_time
3,4,20.82
3,3,19.42
7,3,53.38
2,1,27.89
4,7,10.85
10,9,51.57
7,7,35.75
2,1,28.92
1,4,10.0
2,3,16.46
10,3,83.07
1,7,10.0
1,3,10.0
10,9,52.75
4,1,45.01
5,9,10.0
1,5,10.0
1,4,10.0
5,2,46.08
2,1,26.93
8,6,49.86
4,5,20.28
3,5,11.4
5,8,10.0
8,5,54.99
3,5,10.6
5,1,56.47
9,10,39.49
1,8,10.0
8,8,36.15
10,7,69.05
4,7,10.0
5,7,24.14
7,9,23.21
2,5,11.56
6,8,24.55
7,2,63.4
3,2,33.33
2,1,30.15
9,8,47.23
4,6,12.44
6,4,40.5
1,7,10.0
3,8,10.0
7,10,15.56
3,6,11.23
5,6,26.06
5,7,15.86
7,5,48.83
4,10,10.0
1,4,10.0
7,8,27.79
5,8,11.56
8,9,35.59
7,7,33.41
8,5,55.13
2,5,10.0
6,2,56.8
8,8,40.09
10,2,96.37
3,3,27.5
5,10,10.0
9,5,65.23
2,1,31.16
3,7,10.0
2,5,10.0
2,3,13.88
4,3,24.87
6,10,10.0
10,3,88.2
1,1,19.84
9,7,52.75
2,10,10.0
7,8,31.41
4,5,20.85
4,8,10.0
6,9,12.85
10,9,54.66
8,7,44.96
10,1,100.66
3,5,13.02
4,3,36.7
4,3,30.88
4,4,26.37
9,8,42.54
7,5,50.54
10,5,77.48
8,7,43.78
7,8,23.87
4,10,10.0
10,3,84.8
7,3,57.44
7,3,62.18
7,6,41.75
2,6,10.0
4,2,38.27
5,10,10.0
4,3,39.13
2,1,23.98
1,10,10.0
6,2,53.62
9,10,41.25
7,4,56.99
9,10,37.37
10,2,94.91
2,6,10.0
1,7,10.0
4,5,20.11
2,7,10.0
4,7,10.0
5,2,55.12
8,9,31.79
7,7,33.79
2,8,10.0
5,5,30.05
4,3,31.18
4,1,42.96
8,3,68.98
7,8,32.33
9,7,51.66
7,3,59.53
5,6,23.53
5,4,35.21
8,9,28.19
1,8,10.0
1,6,10.0
10,10,50.23
9,2,86.26
9,5,70.29
5,10,10.0
9,3,82.05
7,5,42.66
2,8,10.0
7,4,50.39
9,3,78.71
8,7,42.63
10,2,88.28
2,2,16.46
8,7,48.58
2,7,10.0
8,6,50.64
10,2,90.4
9,9,44.6
8,9,34.85
2,4,10.0
4,9,10.0
2,9,10.0
9,7,57.46
8,7,49.17
6,3,52.58
2,2,22.38
3,8,10.0
6,6,35.68
3,2,30.67
3,7,10.0
10,4,82.03
4,5,19.13
3,3,28.42
7,2,61.98
8,1,73.94
10,7,64.54
2,7,10.0
4,6,15.4
9,5,64.7
4,6,15.52
8,9,31.08
10,8,56.42
10,10,44.63
4,2,37.43
4,8,10.0
6,4,45.5
7,6,37.51
1,1,16.72
9,3,83.13
8,10,28.62
8,8,35.08
5,2,48.08
5,4,37.44
6,7,32.46
1,5,10.0
9,1,87.88
10,8,55.22
3,1,36.08
6,2,60.56
2,1,25.08
6,10,10.0
10,2,89.79
3,10,10.0
5,4,37.6
4,8,10.0
1,2,15.14
4,4,25.31
8,8,34.72
8,2,75.26
3,6,10.0
6,2,52.25
2,2,19.68
8,1,78.45
6,2,59.58
10,5,66.77
2,9,10.0
3,10,10.0
9,6,64.45
6,6,32.59
1,1,16.8
10,6,68.51
4,1,43.26
4,5,18.56
4,1,45.92
2,9,10.0
8,9,39.65
7,4,57.0
4,1,44.3
2,2,23.01
8,10,24.89
3,1,33.27
7,8,27.82
6,2,58.01
10,9,50.47
9,8,49.13
10,5,72.98
5,1,56.89
8,7,43.48
9,8,48.44
6,8,28.36
10,4,81.35
3,8,10.0
5,9,10.0
4,7,10.0
4,1,43.07
2,6,10.0
8,3,68.92
9,8,41.38
6,2,61.92
8,6,49.48
8,8,42.35
8,7,43.89
6,6,32.65
1,6,10.0
1,5,10.0
9,9,38.33
2,1,25.17
1,6,10.0
5,2,48.59
6,8,23.5
5,2,50.83
6,6,28.25
1,4,10.0
8,1,80.91
2,9,10.0
3,9,10.0
3,6,10.0
8,6,48.94
8,3,70.91
4,5,20.11
7,9,27.47
2,1,28.08
9,1,90.56
5,3,46.17
2,7,10.0
7,7,33.82
6,10,10.35
10,4,79.01
1,6,10.0
4,6,16.47
2,2,22.34
4,10,10.0
8,1,80.93
8,7,45.64
8,2,75.08
6,1,64.51
4,8,10.0
7,9,22.77
4,5,21.22
6,5,40.14
2,9,10.0
6,8,26.99
10,1,98.24
2,2,16.11
4,6,10.0
10,6,70.48
2,1,20.94
6,7,27.14
7,9,24.73
2,1,25.57
6,7,26.89
1,10,10.0
8,6,57.65
1,3,10.0
4,3,32.54
1,6,10.0
7,9,23.84
3,1,37.16
8,7,44.82
6,2,60.97
2,3,13.01
1,7,10.0
1,7,10.0
3,5,10.0
7,1,73.37
6,4,46.9
10,5,74.67
2,2,25.57
6,3,52.49
4,8,10.0
7,6,44.31
5,1,55.17
8,4,62.25
2,5,10.0
7,1,74.48
1,8,10.0
4,10,10.0
2,3,13.33
4,1,44.57
1,3,10.0
9,9,39.9
6,9,21.12
2,9,10.0
5,5,28.68
4,10,10.0
3,1,36.8
3,3,24.29
1,10,10.0
3,6,10.0
1,4,10.0
3,6,10.0
8,6,48.72
10,10,44.24
1,8,10.0
4,7,10.0
10,7,60.15
8,5,61.38
1,1,19.92
6,10,10.0
5,8,12.47
7,1,65.41
1,3,10.0
8,2,78.93
9,9,42.59
9,6,64.62
2,10,10.0
1,8,10.0
2,8,10.0
8,7,40.95
6,7,26.68
4,8,10.0
1,2,13.57
5,9,10.0
9,3,82.9
5,5,28.64
10,4,78.01
4,10,10.0
6,1,64.7
2,9,10.0
9,5,67.75
1,9,10.0
10,1,99.41
2,6,10.0
6,6,30.65
9,8,43.44
9,5,69.94
5,5,28.18
7,10,14.76
9,5,68.79
8,10,31.35
10,2,88.87
3,4,16.26
1,1,14.84
1,3,10.0
10,4,78.56
10,1,104.01
6,6,34.33
4,2,35.26
6,5,38.35
6,7,26.54
3,4,23.69
3,3,23.13
8,3,63.17
4,9,10.0
2,3,14.96
4,10,10.0
10,3,87.84
4,4,27.95
7,6,38.06
3,5,10.0
4,10,10.0
2,1,24.94
10,8,61.27
9,8,45.73
1,6,10.0
3,4,19.99
4,5,19.15
8,3,73.8
10,1,100.07
3,2,28.33
8,10,30.08
10,6,67.59
8,4,61.03
2,2,21.65
5,2,48.34
8,2,75.64
5,6,21.43
8,9,30.93
9,1,90.8
1,3,10.0
3,1,32.69
8,10,28.61
5,2,49.13
4,4,25.54
8,8,36.44
4,9,10.0
8,10,26.35
1,10,10.0
8,1,77.92
7,8,35.4
9,5,63.08
7,3,61.96
9,4,69.43
1,9,10.0
6,8,18.58
4,2,39.86
3,2,30.97
5,3,39.08
4,6,12.81
4,3,35.06
10,6,70.34
8,10,29.62
2,8,10.0
9,1,91.97
1,7,10.0
2,4,10.0
5,6,25.36
8,10,32.06
3,9,10.0
5,7,14.5
9,9,45.07
4,9,10.0
5,9,10.0
10,9,47.46
7,3,63.09
3,3,23.52
8,10,27.68
8,10,29.7
8,10,24.73
5,6,23.92
8,9,34.91
9,9,40.62
5,1,57.6
1,8,10.0
8,3,67.72
7,2,60.71
4,4,25.38
5,4,34.62
2,6,10.0
2,8,10.0
8,3,72.96
3,5,17.23
8,10,27.72
9,2,84.97
10,7,65.31
5,5,29.02
5,2,50.45
5,10,10.0
8,3,71.94
8,6,50.79
10,2,91.28
10,6,68.19
5,9,10.0
2,7,10.0
6,5,39.21
6,6,32.0
9,9,42.44
10,4,80.91
6,9,13.46
2,2,21.59
1,4,10.0
7,5,50.45
1,10,10.0
10,1,100.73
5,2,48.17
7,4,53.11
5,10,10.0
6,9,13.77
4,10,10.0
5,6,21.59
7,10,18.34
3,8,10.0
6,7,25.98
3,7,10.0
5,6,21.47
4,2,36.76
3,3,18.82
5,3,39.99
9,4,74.03
1,9,10.0
7,9,26.46
9,4,67.86
9,6,58.07
6,7,25.38
7,1,72.5
6,1,61.15
7,10,22.23
1,6,10.0
5,7,20.7
10,6,65.71
1,4,10.0
9,6,59.81
1,4,10.0
6,1,61.5
7,8,31.29
7,8,29.76
9,8,49.2
9,7,56.01
5,5,31.13
5,4,37.52
1,10,10.0
2,3,15.24
10,6,65.45
1,1,17.5
8,1,79.7
6,7,21.17
5,3,45.78
8,10,28.38
3,4,16.6
4,7,10.2
6,6,34.97
6,10,10.92
5,4,37.25
3,7,10.0
7,9,25.12
10,7,65.16
8,10,23.81
10,5,73.33
5,4,35.86
10,1,101.42
7,2,63.34
6,6,32.45
8,1,81.51
4,8,10.0
10,10,44.71
2,6,10.0
4,8,10.0
10,1,98.77
4,2,36.56
9,6,63.16
4,6,19.6
6,7,24.48
7,6,39.47
8,10,21.06
7,8,24.59
6,4,48.63
8,4,61.23
2,3,13.2
2,6,10.0
7,2,69.19
7,3,60.22
5,4,29.53
10,2,93.09
1,3,10.0
10,3,83.49
4,9,10.0
9,3,75.42
6,5,35.45
4,3,26.45
4,7,10.0
9,10,37.3
8,1,81.67
1,10,10.0
2,3,12.9
8,2,72.13
3,5,17.16
4,9,10.0
6,1,64.12
6,3,55.06
1,2,10.0
3,2,28.34
6,9,14.13
9,2,84.05
10,1,97.38
8,10,33.81
10,6,70.69
8,2,75.18
5,6,17.25
6,2,56.19
2,6,10.0
9,9,38.76
7,7,36.31
9,1,90.03
5,5,33.27
3,2,28.1
8,7,46.22
2,2,20.67
7,10,14.66
3,6,10.0
7,5,47.35
6,8,22.57
7,6,41.73
1,1,24.01
4,7,10.0
3,5,11.92
3,9,10.0
10,6,70.49
8,5,57.42
6,3,49.41
6,5,38.89
1,6,10.0
1,1,16.05
10,4,83.59
4,9,10.0
8,4,56.1
2,4,10.0
9,6,63.31
3,9,10.0
6,1,65.19
1,1,15.34
2,9,10.0
1,6,10.0
8,2,77.9
8,5,58.42
6,7,22.48
9,8,43.65
2,9,10.0
6,6,34.3
7,9,27.7
8,5,57.48
1,1,14.37
7,9,24.59
5,5,25.88
2,3,16.32
5,2,52.35
3,3,30.38
3,8,10.0
2,5,10.0
1,7,10.0
10,5,72.92
2,7,10.0
2,5,10.0
7,8,30.96
7,1,67.89
4,4,30.58
10,1,97.85
7,5,46.11
8,10,23.25
8,1,84.7
7,9,17.38
2,1,22.99
10,10,43.09
4,6,14.3
8,4,61.11
3,7,10.0
4,1,47.26
9,2,90.08
1,6,10.0
4,4,26.57
4,9,10.0
10,6,68.43
9,1,90.43
7,4,53.56
4,1,45.71
8,9,29.45
6,8,19.93
9,2,87.11
5,4,32.11
9,9,41.59
6,6,30.31
2,7,10.0
8,7,52.17
3,4,21.51
8,8,42.02
9,7,57.83
2,5,10.0
8,6,43.5
2,4,10.0
9,9,38.0
2,1,26.81
10,3,87.09
3,4,21.42
4,4,28.03
5,9,10.0
3,2,35.17
1,2,12.09
8,1,82.97
6,7,25.87
10,10,46.67
9,9,43.75
6,1,57.81
1,2,10.94
6,10,10.0
6,10,10.0
2,9,10.0
4,1,42.43
9,1,85.9
1,4,10.0
9,5,63.01
1,2,15.52
1,3,10.0
10,4,78.24
3,4,16.16
6,4,47.02
2,10,10.0
3,9,10.0
4,4,23.38
1,6,10.0
7,6,40.2
8,1,83.34
4,3,33.47
10,4,83.95
8,8,40.17
10,5,76.93
5,7,19.28
9,7,53.05
1,3,10.0
10,8,58.94
8,1,81.71
1,2,10.31
1,4,10.0
3,8,10.0
5,4,31.22
10,3,93.56
2,6,10.0
10,4,80.51
6,4,46.62
9,2,90.75
6,6,30.52
7,3,61.87
9,9,41.23
5,7,16.56
9,6,59.62
5,1,55.84
2,10,10.0
4,7,10.0
3,10,10.0
8,3,73.01
1,9,10.0
7,3,56.93
3,2,31.11
8,5,55.54
4,10,10.0
7,10,18.92
5,1,52.76
3,4,17.88
7,10,20.83
10,1,100.26
10,5,86.35
5,3,44.71
8,4,58.95
1,9,10.0
4,8,10.0
4,3,30.64
2,9,10.0
3,2,32.64
2,1,21.82
4,7,10.82
1,6,10.0
5,7,13.77
8,1,81.19
5,9,10.0
5,10,10.0
8,3,66.57
7,1,70.51
4,8,10.0
4,4,23.21
10,7,58.75
7,2,68.85
8,7,41.79
5,8,15.1
10,2,91.77
2,8,10.0
8,9,33.34
5,1,55.36
1,8,10.0
2,3,13.94
3,8,10.0
4,4,26.3
10,8,57.01
1,6,10.0
7,3,62.91
9,5,59.82
3,8,10.0
5,10,10.0
2,3,18.44
10,10,41.29
7,3,61.16
1,10,10.0
4,1,42.61
6,2,56.8
3,4,15.47
10,2,93.32
7,1,71.42
8,1,76.38
10,4,87.55
6,7,30.53
8,3,70.67
6,5,43.07
5,9,10.0
5,1,54.16
8,8,37.59
9,7,50.84
1,5,10.0
3,7,10.0
3,1,31.59
1,7,10.0
8,7,40.58
2,2,19.65
2,6,10.0
1,3,10.0
3,4,19.68
8,3,73.36
6,7,23.77
10,10,45.1
4,6,17.83
4,8,10.0
7,6,39.72
6,7,25.65
5,2,50.16
9,9,45.33
10,9,53.33
7,7,38.08
5,5,29.6
9,9,40.43
1,3,12.43
7,5,48.42
5,6,31.49
10,5,73.23
1,7,10.0
1,1,16.29
6,3,46.96
9,8,50.29
1,5,10.0
9,9,40.94
2,2,19.92
7,4,53.89
5,5,29.07
8,5,59.15
3,4,17.1
6,1,61.53
5,9,10.0
7,6,39.72
4,5,19.8
1,4,10.0
5,1,55.93
10,9,52.9
10,10,43.84
1,8,10.0
3,4,14.16
8,8,40.63
7,5,52.08
1,3,10.0
4,4,23.58
7,5,44.02
5,6,27.13
2,7,10.0
6,2,51.43
4,1,46.89
9,2,79.73
10,1,97.28
1,4,10.0
9,1,94.43
10,8,51.89
8,7,46.52
3,1,34.44
5,5,30.2
1,1,19.0
9,6,61.72
4,6,18.06
3,6,10.0
4,4,29.68
7,4,52.91
3,9,10.0
9,4,67.6
6,9,16.46
5,2,45.38
5,7,20.67
1,5,10.0
1,1,20.05
4,4,28.05
9,3,73.52
6,7,26.97
5,8,11.22
2,10,10.0
5,5,24.03
3,10,10.0
2,4,10.0
5,9,10.0
2,10,10.0
9,1,93.95
2,5,10.0
2,10,10.0
8,10,28.74
3,8,10.0
9,8,47.42
10,5,76.25
9,6,59.82
4,5,21.3
4,5,17.16
5,8,18.29
4,8,10.0
4,5,22.95
7,7,34.81
2,7,10.0
7,5,54.17
3,7,10.0
8,4,61.33
8,8,39.22
1,3,10.0
6,8,19.5
5,4,39.28
7,6,43.87
2,8,10.0
2,8,10.0
5,9,10.0
1,6,10.0
8,6,50.48
7,2,65.22
9,3,79.43
8,1,87.88
7,3,58.78
9,7,52.9
3,2,30.3
7,8,24.61
5,3,39.38
1,3,10.99
6,8,24.48
9,6,60.5
7,5,45.8
5,6,28.18
3,9,10.0
5,5,32.79
1,9,10.0
1,4,10.0
6,2,54.29
10,9,48.78
1,4,10.0
10,5,74.1
9,2,90.15
7,7,32.85
6,10,10.0
6,3,41.8
4,2,38.77
9,6,57.29
2,3,17.62
9,7,55.06
4,2,42.97
8,10,28.89
9,6,59.34
6,8,21.38
10,7,58.88
2,5,10.0
5,7,16.13
10,2,95.84
4,2,42.89
5,4,35.54
5,9,10.0
5,1,48.53
1,4,10.0
1,5,10.0
7,3,64.26
9,4,70.11
5,10,10.0
9,4,68.19
1,4,10.0
2,9,10.0
8,7,41.8
7,8,28.31
3,10,10.0
7,6,35.96
5,5,29.04
3,6,10.0
5,1,51.82
8,6,53.88
6,3,55.49
9,3,76.26
2,1,24.05
4,1,52.53
4,7,12.17
10,3,87.26
2,5,10.0
6,2,51.38
6,3,53.83
3,5,12.01
5,3,45.21
7,4,51.84
10,3,85.67
1,9,10.0
10,5,71.3
6,4,41.25
4,2,42.33
2,8,10.0
8,6,50.23
7,6,39.11
6,5,38.31
7,7,34.2
3,5,13.53
9,8,47.36
2,5,10.0
3,4,21.86
5,8,10.0
8,6,52.57
10,9,49.6
6,9,18.63
3,1,41.9
2,3,15.28
7,4,50.8
6,7,24.81
4,1,47.86
2,6,10.0
6,10,10.0
9,1,88.98
9,7,50.2
6,5,35.24
6,4,43.08
5,8,13.18
10,9,52.86
4,4,24.77
4,10,10.0
5,2,47.11
2,1,26.64
10,10,43.53
6,10,10.0
10,3,84.35
8,3,68.16
9,5,66.69
3,5,14.52
9,5,62.97
2,6,10.0
7,5,50.54
1,5,10.0
3,6,10.05
5,6,25.1
6,4,42.28
9,9,43.21
5,2,48.03
6,3,51.6
1,9,10.0
4,6,17.77
8,7,43.28
3,9,10.0
6,10,11.39
1,5,10.0
1,8,10.0
3,7,10.0
3,2,28.19
3,4,10.43
8,2,71.99
9,6,65.96
2,4,16.25
1,6,10.0
10,3,85.55
8,6,48.19
6,10,10.0
9,2,87.36
1,2,10.0
3,4,19.5
6,6,34.05
10,9,50.49
5,2,47.2
5,3,49.57
2,9,10.0
4,10,10.0
6,7,24.89
9,3,78.05
5,9,12.31
3,7,10.0
9,7,47.5
10,6,70.75
4,7,11.22
7,5,36.55
3,7,10.0
10,2,97.33
9,3,74.22
1,8,10.0
6,4,46.37
1,3,10.0
8,4,63.29
2,9,10.0
7,3,59.38
2,5,10.0
7,7,34.99
9,1,91.03
1,6,10.0
9,6,60.32
8,6,52.19
1,4,10.0
1,1,17.49
9,5,63.01
3,3,23.06
6,4,46.03
9,7,58.59
10,2,95.87
9,5,65.0
5,10,10.0
4,4,27.67
7,6,43.8
2,2,25.91
6,4,44.37
1,10,10.0
9,7,54.96
5,8,10.0
3,1,36.92
3,4,17.34
3,1,35.37
8,2,77.03
6,4,41.97
5,5,27.96
5,3,45.04
1,7,10.0
7,7,40.08
5,1,53.44
8,9,39.77
9,3,79.41
5,3,43.76
8,5,62.33
2,1,25.44
3,1,34.15
10,9,51.03
4,9,10.0
2,7,10.0
3,7,10.0
7,7,34.89
5,8,14.44
3,2,28.12
9,3,82.16
9,3,79.81
4,6,18.24
4,6,13.7
8,5,50.79
10,8,50.16
10,2,88.87
10,2,91.58
10,10,46.03
4,2,41.03
10,5,76.85
1,9,10.0
9,10,37.92
8,10,28.02
9,9,40.09
10,5,75.42
7,10,14.84
8,4,63.52
3,9,10.0
6,1,68.48
5,6,26.28
3,6,10.0
8,3,70.33
6,4,46.31
4,5,20.8
2,9,10.0
6,9,14.04
2,8,10.0
5,8,10.0
7,6,41.37
3,4,17.16
3,4,20.87
5,5,29.39
5,3,42.32
10,2,86.69
5,3,43.0
7,4,53.25
6,8,19.89
7,5,47.81
7,3,58.72
10,2,92.59
6,6,27.04
3,1,33.01
5,6,25.89
6,5,39.97
4,4,29.81
5,1,53.8
8,9,30.99
2,2,18.91
2,10,10.0
8,7,47.88
9,4,69.95
9,3,82.05
1,9,10.0
10,9,52.1
3,5,14.36
6,4,48.87
9,4,72.15
8,3,69.95
8,9,33.57
10,7,60.46
2,5,10.0
10,6,68.31
7,3,56.68
6,6,31.37
9,5,65.62
9,7,57.29
5,2,45.26
1,10,10.0
2,9,10.0
5,8,10.85
2,3,15.14
4,2,38.76
8,10,27.74
4,7,10.73
5,2,44.43
9,1,88.06
10,8,58.16
7,8,27.97
6,1,62.9
8,8,46.7
5,4,43.82
9,8,50.82
9,10,38.7
4,6,16.77
5,8,13.86
6,5,36.45
7,2,64.72
5,10,10.0
1,7,10.0
1,2,10.0
10,9,55.27
1,1,15.87
1,7,10.0
2,7,10.0
5,6,20.82
8,5,51.65
1,3,10.0
2,3,16.55
3,10,10.0
10,6,73.81
10,3,89.48
8,8,42.28
3,10,10.0
9,8,44.97
4,2,39.15
5,8,13.38
5,10,10.0
5,1,57.32
6,2,60.9
6,6,29.02
3,1,34.88
5,3,43.5
1,6,10.0
10,9,53.98
1,4,10.0
4,6,15.17
7,7,37.74
8,6,51.29
8,2,79.42
8,9,34.2
10,7,66.31
3,3,20.79
2,8,10.0
6,1,62.72
4,7,10.0
1,9,10.0
1,8,10.0
1,6,10.0
8,2,77.04
2,2,23.79
4,5,19.97
4,5,21.29
7,6,41.22
1,2,17.93
9,2,85.11
1,7,10.0
9,6,62.0
10,2,95.64
1,6,10.0
4,7,13.32
8,5,62.37
2,10,10.0
10,10,43.01
6,6,26.92
7,1,75.27
1,10,10.0
4,4,27.72
7,9,24.17
10,10,44.85
10,4,82.66
1,7,10.0
6,10,10.0
7,4,53.72
9,6,62.82
8,8,39.41
2,5,10.0
4,7,10.0
2,2,18.17
10,1,97.15
2,8,10.0
7,2,73.2
10,7,66.27
2,4,14.68
3,4,14.23
7,6,45.6
4,3,28.21
7,4,55.81
3,1,41.24
2,8,10.0
5,3,37.68
7,4,53.54
2,8,10.0
4,4,25.73
8,3,73.27
4,6,18.11
6,1,62.64
8,2,69.45
2,9,10.0
8,3,65.22
1,6,10.0
4,10,10.0
6,8,20.5
2,6,10.0
8,4,65.71
10,10,45.02
2,7,10.0
5,6,24.29
10,8,54.84
10,2,95.81
7,9,28.31
8,1,77.42
3,5,13.95
4,6,17.79
4,5,18.56
2,5,10.0
10,5,78.88
6,1,60.93
1,2,14.21
7,7,38.04
4,4,23.1
8,8,49.14
4,1,51.19
7,1,73.98
1,2,10.14
3,3,25.43
2,2,24.7
5,9,10.0
5,4,34.26
3,9,10.0
9,1,90.29
5,4,34.65
10,7,64.32
6,1,64.89
3,5,13.57
2,8,10.0
7,10,18.69
10,8,57.74
3,6,10.0
9,3,75.84
5,7,18.42
1,4,10.0
2,5,10.0
5,7,14.02
5,6,20.97
5,8,10.26
2,6,10.0
2,4,10.0
10,4,72.45
5,5,30.76
10,9,54.68
7,5,41.34
2,3,15.4
7,3,64.06
8,9,28.79
3,3,25.11
5,10,10.0
10,6,70.17
3,2,31.95
10,3,88.46
9,7,51.03
5,10,10.0
8,7,53.54
4,10,10.0
1,3,10.0
4,10,10.0
7,5,49.07
8,1,88.14
2,10,10.0
4,8,10.0
5,6,25.1
7,4,54.21
1,9,10.0
10,9,50.16
3,9,10.0
7,1,69.66
4,10,10.0
8,3,68.37
10,3,88.92
10,3,86.55
7,10,14.73
1,4,10.0
9,4,69.98
2,4,12.93
10,1,98.59
4,4,21.79
7,10,19.2
5,1,54.92
6,10,10.0
2,6,10.0
9,10,37.23
6,2,55.46
7,10,19.03
3,8,10.0
5,8,12.65
7,3,59.33
9,5,69.33
2,1,22.09
8,5,55.78
5,3,42.86
10,3,84.42
10,10,45.07
3,10,10.0
1,3,10.0
1,5,10.0
4,1,41.95
5,10,10.0
10,10,46.57
5,3,42.77
3,7,10.0
2,4,14.44
9,3,76.26
3,9,10.0
7,2,69.35
5,1,49.25
10,7,55.13
5,1,53.79
7,10,18.6
10,3,85.35
8,10,33.31
1,1,16.69
8,2,75.66
3,3,26.36
7,6,40.8
3,5,12.72
2,6,10.0
3,7,10.0
7,9,21.57
2,4,10.0
10,1,98.43
9,3,81.43
10,8,63.72
1,8,10.0
2,5,10.0
6,2,54.11
5,8,15.4
7,8,26.77
4,4,27.33
9,8,49.06
8,8,44.27
3,10,10.0
1,1,18.65
2,1,29.61
5,3,38.01
1,3,10.0
7,7,40.99
9,7,52.68
9,3,79.87
8,5,56.54
1,9,10.0
2,1,28.69
6,1,63.23
6,6,32.79
3,5,11.85
2,2,21.9
5,8,19.03
7,2,70.41
10,8,59.63
8,1,82.76
2,4,10.0
7,5,50.91
4,2,39.76
7,1,70.23
1,9,10.0
8,9,32.75
7,10,17.22
7,6,42.33
1,1,14.42
4,3,34.23
6,1,59.94
3,8,10.0
9,9,42.3
1,10,10.0
4,4,27.88
9,1,88.79
7,6,47.49
8,5,54.65
9,1,92.24
5,6,28.75
4,3,33.25
7,10,22.15
6,8,27.44
4,8,10.0
2,7,10.0
9,4,73.64
4,6,13.21
7,8,32.07
3,1,38.98
5,9,10.0
8,5,57.93
4,4,26.43
6,2,58.18
5,8,11.42
1,10,10.0
9,9,44.45
1,3,10.0
3,1,35.0
2,5,10.0
6,4,46.75
6,10,10.0
6,7,27.66
4,3,27.82
6,7,25.61
5,6,22.04
3,1,34.71
10,2,86.26
3,5,13.09
6,6,34.43
2,2,15.23
9,2,81.06
6,3,46.52
9,3,78.56
2,9,10.0
4,2,35.75
1,6,10.0
5,1,46.41
5,10,10.0
9,3,78.37
3,7,10.0
5,6,29.71
3,6,10.0
2,8,10.0
8,6,46.01
3,2,28.06
4,2,41.3
1,5,10.0
5,3,46.23
6,5,44.63
8,5,57.78
1,5,10.0
3,1,34.39
7,5,48.97
9,4,72.38
8,1,81.02
6,7,28.15
7,2,65.9
8,1,83.92
8,8,35.52
3,3,27.03
2,9,10.0
7,3,54.73
1,9,10.0
6,5,33.56
3,9,10.0
7,8,29.64
2,3,13.83
6,4,47.35
3,1,32.81
6,8,21.9
7,9,23.78
5,5,32.77
2,4,11.24
9,4,73.41
8,10,25.57
8,4,60.99
1,9,10.0
2,6,10.0
8,7,44.21
5,8,11.19
6,3,51.1
3,10,10.0
2,2,21.01
1,6,10.0
8,10,27.59
3,1,37.45
7,7,35.53
4,3,34.55
10,8,55.98
10,4,83.74
9,10,35.23
4,6,20.71
10,1,98.99
9,8,47.47
7,8,32.19
10,3,88.13
2,1,26.75
1,10,10.0
6,9,16.08
5,4,32.95
3,10,10.0
6,3,51.9
3,9,10.0
8,1,83.45
4,8,10.0
6,8,24.43
6,10,10.0
7,6,39.66
3,9,10.0
9,10,33.11
7,9,20.89
4,5,19.58
9,3,73.51
2,9,10.0
8,2,74.22
6,8,17.92
1,10,10.0
3,3,26.37
1,5,10.0
5,3,40.33
5,8,18.13
8,10,27.64
7,8,30.48
8,1,79.47
7,7,35.59
8,8,38.64
9,9,40.31
3,2,30.61
5,1,56.78
4,10,10.0
5,3,38.41
5,2,52.84
7,8,30.17
6,9,14.81
7,1,66.09
6,4,46.35
2,9,10.0
9,3,79.3
3,9,10.0
6,1,66.51
3,6,10.0
7,1,74.92
2,4,10.0
1,3,10.0
6,8,17.98
3,3,27.58
3,7,10.0
5,1,59.78
5,1,56.73
8,10,23.79
7,9,26.8
8,6,49.55
4,9,10.0
5,1,53.1
1,6,10.0
10,10,44.86
7,2,59.41
8,9,33.08
4,4,29.82
9,10,36.24
9,9,44.99
4,10,10.0
10,6,67.89
1,6,10.0
4,6,11.93
3,1,37.32
9,9,41.08
1,7,10.0
6,7,31.43
7,7,37.59
2,3,14.18
8,3,68.17
2,5,10.0
4,6,13.22
3,4,17.36
9,3,78.09
9,1,91.53
2,2,25.2
8,6,53.22
8,6,45.21
9,8,50.86
7,4,52.03
9,4,71.75
4,4,27.37
5,8,11.17
7,1,73.79
4,8,10.0
9,7,51.81
4,3,33.34
9,5,70.82
3,6,10.0
7,10,18.1
10,3,87.02
4,3,34.98
9,3,74.61
1,7,10.0
1,5,10.0
9,2,80.35
3,4,15.36
3,3,23.91
1,6,10.0
6,4,46.1
10,6,71.84
2,10,10.0
4,2,39.7
2,1,30.82
8,9,34.17
4,3,27.2
4,1,41.7
4,1,43.8
10,1,97.69
6,5,38.32
2,1,26.57
9,10,38.13
6,4,45.81
4,4,24.31
6,3,52.21
6,2,61.12
1,9,10.0
5,4,33.4
8,8,33.64
10,4,80.66
6,8,15.53
7,6,43.92
5,6,28.52
6,9,12.73
10,5,77.61
7,4,52.32
4,9,10.0
5,5,28.96
3,7,10.0
8,10,27.28
2,8,10.0
2,3,18.88
8,1,75.85
2,10,10.0
3,6,10.0
1,1,14.61
8,8,34.51
5,3,48.94
4,8,10.0
6,1,62.38
6,2,59.64
5,7,15.1
10,5,75.73
10,10,43.66
8,5,59.72
5,9,10.0
10,10,45.86
9,5,65.9
10,9,48.19
2,1,29.96
3,1,32.7
2,2,19.64
3,9,10.0
3,6,10.0
2,7,10.0
6,1,64.65
6,8,21.2
7,3,59.32
6,8,23.05
1,4,10.0
4,6,17.51
2,2,19.02
7,7,32.93
1,4,10.0
9,6,64.8
7,5,48.29
6,6,38.29
7,10,21.32
8,10,32.41
8,8,35.51
4,8,10.0
4,1,45.73
8,7,40.03
4,1,43.56
1,4,10.0
6,10,14.42
9,7,54.7
9,1,87.26
4,9,10.0
10,1,103.34
6,2,61.42
6,2,58.81
10,6,67.34
4,9,10.0
2,2,19.78
3,4,18.3
4,4,26.27
4,3,32.91
8,1,84.6
9,1,93.68
6,10,10.0
2,9,10.0
1,2,10.0
5,2,51.15
5,10,10.0
2,8,10.0
1,2,10.0
2,2,20.58
7,2,63.21
3,4,18.88
1,5,10.0
9,4,73.58
10,10,42.2
9,10,39.09
4,2,44.25
6,5,36.37
2,5,10.0
5,7,17.85
2,4,10.0
6,6,33.41
6,4,51.37
5,4,37.53
10,2,92.94
4,9,10.0
3,5,15.28
4,2,37.88
3,4,17.42
8,3,70.85
4,4,27.91
3,2,25.88
6,7,27.71
3,3,24.0
2,3,11.2
9,9,43.72
2,6,10.0
8,7,47.04
9,5,59.99
4,9,10.0
2,7,10.0
3,10,10.0
6,5,40.26
2,8,10.0
5,10,10.0
1,4,10.0
10,2,90.25
5,7,17.54
9,6,67.44
4,8,10.0
7,3,58.16
2,4,10.05
7,9,25.32
8,2,74.58
3,2,33.09
5,6,26.37
7,2,68.28
7,9,20.51
8,6,46.55
6,10,13.87
7,6,43.83
4,5,22.79
4,10,10.0
4,4,32.02
6,1,63.83
1,9,10.0
9,3,77.4
1,5,10.0
4,1,47.07
7,1,68.7
2,3,14.37
3,8,10.0
1,5,10.0
7,4,52.24
9,1,91.04
9,8,46.9
7,2,66.54
1,1,19.6
10,5,78.15
2,5,10.0
5,8,14.1
3,7,10.0
9,5,63.03
9,9,43.08
4,3,33.4
10,2,89.64
10,5,74.57
8,6,51.49
7,7,40.9
2,3,20.46
9,7,49.62
3,3,22.13
10,10,41.41
1,10,10.0
5,5,32.12
9,2,77.84
5,3,41.06
6,3,54.22
4,6,13.33
9,8,48.26
7,4,56.03
8,10,16.81
4,7,10.0
5,10,10.0
1,7,10.0
8,2,70.33
1,5,10.0
6,4,44.29
5,3,40.62
2,10,10.0
8,6,54.34
5,6,26.21
3,3,22.01
3,1,35.36
6,1,68.27
7,7,32.91
2,8,10.0
7,8,26.38
2,2,26.09
9,3,78.02
6,6,35.95
4,1,46.11
5,9,10.0
10,8,56.95
10,8,58.85
2,4,10.0
7,1,72.58
10,7,66.69
1,9,10.0
1,5,10.0
6,5,36.33
4,10,10.0
7,2,70.14
1,7,10.0
4,4,23.33
4,9,10.0
5,5,32.77
1,5,10.0
5,4,37.59
9,2,86.7
10,6,68.12
10,4,83.62
8,3,70.03
9,5,67.95
5,4,32.54
5,2,48.92
6,4,42.44
10,10,47.39
7,1,74.44
5,3,44.8
1,10,10.0
5,8,13.17
10,1,96.52
9,2,83.72
6,9,10.87
1,5,10.0
5,9,10.0
6,6,31.66
3,5,10.18
9,3,76.59
1,3,10.0
2,7,10.0
4,6,13.3
2,4,10.0
8,2,80.46
2,9,10.0
10,1,99.13
2,8,10.0
5,7,13.09
9,2,84.29
3,1,33.96
1,7,10.0
3,3,26.62
9,3,73.17
8,2,74.89
1,1,25.32
4,4,24.94
4,7,12.66
5,4,41.2
6,9,16.23
10,8,53.29
9,9,44.29
10,5,72.74
7,5,50.69
6,4,46.56
8,9,29.88
7,4,54.52
3,2,29.63
2,8,10.0
1,7,10.0
4,2,38.69
2,9,10.0
5,10,10.0
7,3,57.94
7,5,53.95
9,4,65.54
5,9,10.0
3,5,10.45
7,1,73.71
9,4,69.07
5,5,29.94
6,2,56.33
7,8,27.71
5,1,57.51
8,4,65.46
7,4,51.02
1,6,10.0
7,8,30.49
1,7,10.0
5,10,10.0
10,8,55.47
2,10,10.0
4,2,39.82
7,7,33.01
1,3,10.0
10,3,85.08
5,8,13.55
2,6,10.0
5,7,16.77
7,1,73.98
9,6,59.99
8,10,26.68
9,8,47.47
6,3,45.89
9,10,35.73
9,3,77.36
8,8,44.22
7,9,28.89
2,8,10.0
9,6,63.47
7,9,21.55
10,5,75.27
10,4,85.32
6,8,20.27
7,8,32.11
10,3,87.16
6,2,62.88
4,2,37.37
5,6,16.99
6,3,43.67
5,2,46.55
1,10,10.0
9,9,36.97
1,5,10.0
5,8,12.78
7,4,54.46
3,3,22.62
5,2,49.41
2,5,10.0
10,3,87.33
3,7,10.0
10,7,64.01
8,3,70.18
2,3,18.21
5,5,24.33
6,4,43.28
3,10,10.0
6,10,10.65
2,3,19.44
9,1,87.31
1,5,10.0
8,4,60.78
10,3,91.92
7,10,19.28
8,8,37.86
1,8,10.0
3,4,20.24
4,9,10.0
4,4,30.2
2,2,16.97
5,2,53.23
2,5,10.0
5,4,34.25
1,10,10.0
5,7,21.89
9,5,62.18
7,4,54.16
9,9,49.11
4,2,42.49
10,9,50.13
1,7,10.0
4,1,47.48
4,2,39.63
2,5,10.0
7,6,43.35
2,3,13.92
1,10,10.0
8,7,43.23
4,7,10.0
2,5,10.0
7,6,50.02
2,5,10.0
5,4,36.48
6,7,25.49
6,2,61.9
2,9,10.0
1,8,10.0
2,3,19.66
9,2,82.49
10,1,97.4
6,1,62.08
4,4,28.7
5,7,18.3
2,2,13.34
7,5,45.98
3,10,10.0
2,7,10.0
1,6,10.0
7,4,51.99
10,10,43.47
6,10,10.0
3,3,17.38
8,10,23.03
7,3,56.81
4,5,25.65
7,8,34.56
8,5,58.94
7,8,30.39
2,6,10.0
3,2,32.73
6,5,35.32
2,9,10.0
1,10,10.0
3,7,10.0
3,10,10.0
5,6,19.99
2,3,10.78
7,4,53.3
9,3,78.24
8,10,25.38
10,3,90.55
1,3,10.0
9,2,84.1
5,3,41.25
2,7,10.0
3,7,10.0
8,10,30.03
10,10,45.0
8,4,63.67
5,8,10.0
9,6,66.92
3,10,10.0
1,5,10.0
1,7,10.0
3,3,17.34
1,8,10.0
10,3,90.85
8,7,42.14
5,1,52.77
10,9,50.53
1,4,10.0
2,8,10.0
1,2,10.0
9,4,72.23
3,1,30.56
3,2,33.04
5,9,10.0
10,6,71.73
8,6,48.97
4,5,27.31
9,7,46.53
1,10,10.0
9,10,36.21
1,10,10.0
6,1,64.87
4,7,10.0
4,7,12.11
3,9,10.0
1,10,10.0
4,3,33.01
1,1,21.68
2,2,18.32
7,7,33.9
10,4,78.42
3,1,29.99
2,7,10.0
9,9,37.35
5,8,11.92
5,7,14.64
4,2,36.91
4,7,10.0
9,6,56.66
3,9,10.0
10,8,55.6
3,9,10.0
5,6,24.98
9,2,80.54
6,1,61.66
10,4,81.92
3,8,10.0
7,2,67.92
3,10,10.0
4,3,30.12
8,6,47.87
7,2,70.28
7,2,65.73
3,9,10.0
8,10,26.08
6,10,10.0
8,8,36.56
4,5,26.9
7,5,46.84
3,1,35.01
5,2,45.37
4,1,50.11
3,1,35.74
7,5,48.14
10,4,83.11
2,1,24.19
8,10,22.12
10,9,47.8
10,1,99.41
7,7,26.65
7,9,26.92
5,5,31.99
9,5,61.71
1,1,17.65
8,8,36.18
10,2,92.3
7,3,62.99
2,5,10.0
6,5,38.07
2,3,16.3
9,6,60.34
9,3,77.05
4,9,10.0
9,10,33.87
3,3,24.83
2,5,10.0
3,3,25.98
3,9,10.0
1,3,10.0
6,7,26.38
9,5,69.76
7,6,40.54
8,3,68.75
6,4,47.32
6,1,63.25
5,7,20.18
9,6,61.18
3,4,15.52
9,10,39.29
5,10,10.0
3,1,44.14
8,9,35.03
9,5,65.84
9,1,89.36
7,9,23.38
7,5,42.21
6,5,41.43
2,5,10.0
9,3,79.1
4,4,25.25
3,3,23.68
4,2,37.22
9,5,67.85
9,10,42.08
1,4,10.0
10,10,45.16
5,1,52.56
4,4,23.21
8,3,71.05
4,10,10.0
3,3,19.8
6,10,10.0
3,1,36.89
5,8,15.03
9,7,55.12
7,9,27.64
9,6,60.86
4,8,10.0
9,4,74.1
3,4,19.28
1,1,15.37
10,6,70.35
9,5,70.18
3,1,37.17
3,7,10.0
3,4,17.24
6,1,68.22
2,4,10.0
2,8,10.0
6,1,68.43
9,10,28.84
4,8,10.0
2,3,15.44
7,10,20.95
7,10,20.41
2,5,10.0
2,10,10.0
5,3,42.5
4,10,10.0
6,1,59.62
6,8,20.99
9,3,74.79
9,5,67.62
5,6,17.74
1,6,10.0
8,4,67.13
2,7,10.0
7,5,49.69
3,4,19.41
5,9,10.0
3,9,10.0
7,3,57.51
5,5,32.04
6,6,33.19
7,9,28.09
6,7,29.98
8,2,73.34
1,6,10.0
4,10,10.0
7,4,53.92
5,4,35.22
9,10,30.7
9,3,71.63
8,1,76.8
7,6,42.25
2,5,10.0
7,6,37.94
10,10,48.19
4,9,10.0
9,9,38.34
3,10,10.0
10,1,97.24
3,8,10.0
7,10,15.57
5,6,21.93
1,5,10.0
10,6,73.69
10,2,90.94
2,2,26.24
6,3,48.84
9,6,66.99
4,9,10.0
8,1,82.72
7,1,69.77
7,1,71.5
2,8,10.0
9,5,64.04
9,5,72.76
7,10,19.41
6,8,25.56
9,9,37.44
6,7,24.64
1,3,10.0
3,4,13.5
2,8,10.0
3,3,21.86
9,7,55.24
10,6,63.44
5,3,43.91
8,5,62.94
1,8,10.0
9,2,83.26
9,6,61.3
10,8,53.65
4,8,10.0
8,8,39.36
9,4,77.25
10,7,62.66
7,9,26.82
4,6,10.0
9,5,64.37
8,10,24.73
1,9,10.0
6,2,58.07
9,6,60.6
10,7,62.96
5,1,50.96
2,4,10.0
5,6,19.69
6,5,41.14
5,6,19.19
1,2,11.82
7,7,39.9
5,7,15.38
3,8,10.0
9,2,84.92
4,10,10.0
8,8,44.83
3,5,15.57
5,8,11.87
6,3,51.77
2,1,27.62
4,5,21.17
6,5,39.46
6,9,13.52
2,7,10.0
8,4,67.73
5,9,10.07
4,10,10.0
4,2,41.84
5,5,26.62
6,4,45.37
9,8,45.62
3,10,10.0
4,7,10.0
1,2,12.93
5,9,10.0
10,3,86.31
9,5,61.65
1,7,10.0
10,2,98.18
9,8,42.8
1,2,16.93
3,4,15.98
2,6,10.0
7,1,69.56
8,10,20.78
8,6,53.83
7,2,64.15
8,6,52.5
8,6,52.84
9,6,62.95
10,3,87.15
8,7,45.39
1,2,10.0
2,2,21.37
5,10,10.0
1,10,10.0
4,4,26.04
4,9,10.0
4,9,10.0
10,8,58.52
6,5,39.8
6,1,61.68
5,5,27.42
7,5,50.07
4,4,24.58
10,1,100.98
3,5,14.93
2,4,10.4
10,9,57.25
5,8,10.0
1,3,10.0
7,2,70.45
9,2,86.1
2,1,26.76
3,2,32.97
2,8,10.0
5,2,47.78
10,7,65.64
2,5,10.0
5,10,10.0
7,3,59.5
7,6,46.92
1,5,10.0
10,8,58.91
2,2,24.13
3,1,33.67
9,8,55.74
8,9,33.26
1,3,10.0
5,5,30.23
4,10,10.0
6,3,52.16
5,8,14.5
8,10,27.89
5,7,18.75
1,8,10.0
8,10,29.46
4,4,24.58
9,10,34.12
10,5,74.89
6,10,10.0
10,9,50.86
3,5,12.03
4,3,32.08
4,7,12.08
5,10,10.0
10,6,70.32
8,9,34.37
2,9,10.0
9,10,37.16
2,7,10.0
7,4,59.3
1,3,12.54
1,9,10.0
1,1,10.58
10,10,48.57
8,1,78.65
4,7,10.0
5,3,39.9
5,9,10.0
9,1,90.85
4,1,45.48
7,8,30.53
2,5,10.0
2,6,10.0
7,10,20.2
5,9,10.0
9,9,40.49
10,7,59.23
4,7,10.0
4,3,39.05
10,9,50.94
4,2,44.18
7,9,27.5
7,9,28.61
5,6,22.04
7,9,25.48
10,9,46.72
8,5,58.58
9,4,72.17
1,9,10.0
8,6,51.1
2,3,13.41
6,9,16.0
8,7,47.86
8,8,42.47
8,2,77.09
1,10,10.0
2,7,10.0
10,2,94.55
5,5,32.08
2,8,10.0
2,10,10.0
9,6,59.36
7,5,46.23
7,3,65.66
8,4,65.75
7,9,20.59
10,5,73.48
2,10,10.0
3,6,10.0
7,10,18.91
6,2,58.47
2,1,28.68
1,4,10.0
2,1,31.88
3,5,10.72
1,2,14.64
3,8,10.0
1,5,10.0
1,7,10.0
5,2,46.91
1,8,10.0
7,2,64.87
7,7,38.71
1,2,10.0
10,5,78.26
9,1,86.8
9,2,87.64
2,1,33.04
1,8,10.0
2,5,10.0
10,3,89.3
5,1,56.02
1,4,10.0
8,7,40.92
1,1,16.21
5,3,43.61
10,5,77.31
7,10,16.19
1,2,12.89
3,2,36.88
4,7,10.0
5,3,44.73
1,1,17.13
9,1,93.75
9,2,85.97
9,2,85.25
2,4,17.89
1,10,10.0
6,9,16.21
2,8,10.0
5,9,13.13
9,7,56.64
2,1,29.65
2,2,23.12
8,7,43.56
10,3,86.18
5,6,28.62
1,2,14.41
1,9,10.0
2,4,10.0
9,6,59.31
6,9,14.22
4,8,10.0
3,6,10.0
7,4,55.33
3,3,16.32
8,3,68.65
9,10,35.8
6,6,29.96
3,7,10.0
4,7,10.0
10,5,78.12
7,4,47.19
4,3,37.63
6,7,29.97
9,7,48.81
7,2,63.98
10,9,48.39
10,4,83.86
8,6,55.46
10,6,70.93
5,5,32.86
1,3,10.0
2,4,10.0
1,9,10.0
8,1,81.93
2,10,10.0
9,1,90.57
4,1,44.05
4,1,49.79
4,9,10.0
3,4,20.63
5,9,10.0
4,1,46.39
5,7,13.73
4,10,10.0
8,3,58.29
3,3,28.26
2,9,10.0
7,5,53.25
3,2,28.94
2,5,10.0
8,9,37.98
3,2,28.4
8,7,45.32
5,2,48.6
1,5,10.0
1,1,16.33
4,9,10.0
8,2,80.32
10,4,84.63
4,9,10.0
5,4,34.66
3,3,20.89
10,6,73.34
9,5,71.28
8,1,81.0
3,9,10.0
3,10,10.0
6,4,45.66
7,7,41.15
5,8,18.5
1,8,10.0
6,10,10.45
9,1,91.68
1,3,10.0
6,5,43.22
4,8,10.0
10,10,47.98
10,10,43.36
4,2,37.48
9,9,44.13
10,2,91.0
3,9,10.0
7,4,60.93
7,9,26.51
9,4,68.12
9,5,72.05
8,8,34.29
9,9,41.1
1,3,10.0
8,4,59.13
3,10,10.0
4,6,16.07
7,8,35.82
10,9,51.43
10,8,62.74
3,9,10.0
5,8,13.15
2,3,11.98
4,3,32.74
2,1,23.43
4,3,30.86
3,1,37.45
9,5,65.98
8,9,32.58
10,6,65.74
9,9,39.43
2,8,10.0
9,10,37.16
1,8,10.0
9,9,39.66
5,8,10.17
9,5,60.87
9,6,64.32
4,6,14.52
8,5,55.28
6,2,56.73
6,4,40.91
9,1,92.1
2,4,10.0
3,10,10.0
3,10,10.0
7,4,50.05
5,3,44.95
1,9,10.0
8,8,38.87
5,6,24.73
4,7,10.99
4,2,35.6
2,4,10.0
1,6,10.0
6,10,10.0
3,3,24.53
9,6,60.6
4,1,45.06
2,8,10.0
4,1,45.24
4,8,10.0
1,5,10.0
8,2,72.9
4,7,12.54
4,3,33.61
7,5,53.81
2,9,10.0
6,2,59.12
6,8,23.17
7,10,17.34
2,9,10.0
7,10,12.2
2,4,10.0
2,2,24.25
1,4,10.0
9,4,71.52
9,7,56.53
5,5,31.29
7,6,44.16
10,9,54.8
7,10,19.62
3,5,10.33
2,8,10.0
4,9,10.0
8,2,70.39
1,10,10.0
8,10,27.87
2,9,10.0
10,3,87.17
8,3,73.26
2,4,11.05
7,6,38.88
3,8,10.0
6,10,13.48
7,8,27.72
6,3,53.08
5,4,37.33
9,7,56.5
9,10,35.37
3,1,34.41
7,9,26.29
2,9,10.0
1,4,10.0
10,6,65.01
4,3,39.28
3,4,19.88
4,4,25.33
3,3,22.17
10,10,42.3
9,4,69.97
4,1,44.22
4,3,32.96
7,10,16.12
4,7,14.83
9,8,48.45
9,2,86.17
9,5,68.83
6,1,64.26
10,5,77.43
9,8,49.09
3,6,10.0
2,3,11.54
10,6,70.99
2,5,10.0
7,1,74.21
10,7,63.35
5,9,10.0
4,8,10.0
2,8,10.0
4,4,25.26
10,2,92.77
6,7,25.82
6,9,11.57
8,3,72.39
6,10,13.74
5,9,10.0
7,7,41.57
3,2,33.88
4,1,43.79
6,9,13.98
9,10,36.2
6,1,61.39
4,5,22.67
8,4,67.53
5,3,44.33
5,5,34.5
8,2,75.74
9,1,92.29
4,3,35.74
8,2,73.2
8,10,27.2
3,10,10.0
4,9,10.0
2,7,10.0
5,10,10.0
6,7,28.71
6,5,32.37
2,8,10.0
4,10,10.0
2,1,29.29
10,6,69.48
5,6,21.44
10,1,99.88
2,1,31.12
9,6,57.15
10,9,50.74
1,2,10.31
6,4,47.31
9,1,97.65
3,6,10.0
10,3,88.67
9,7,51.28
2,6,10.0
2,1,21.29
10,8,52.57
2,4,10.0
3,7,10.0
4,10,10.0
3,6,10.0
6,7,30.88
6,5,44.63
5,8,14.76
2,2,17.95
10,10,41.64
4,10,10.0
7,8,30.75
8,4,68.77
9,1,92.3
2,9,10.0
9,7,54.52
7,6,41.21
7,8,32.27
1,1,19.66
10,3,88.21
10,1,99.71
8,7,45.45
3,6,10.0
4,7,10.24
10,5,69.65
4,1,43.66
2,3,14.69
3,9,10.0
5,7,16.82
3,5,10.86
5,1,46.8
8,4,68.11
8,7,40.75
10,9,53.18
3,10,10.0
5,9,10.0
1,6,10.0
7,6,42.73
3,2,26.93
7,5,46.45
8,2,78.05
10,1,95.7
7,6,40.1
5,5,25.69
9,10,36.33
1,4,10.0
6,3,50.58
6,4,41.88
7,5,51.83
7,4,60.92
2,5,10.0
10,3,91.55
5,6,25.64
6,8,16.15
2,10,10.0
9,10,32.97
6,9,17.54
5,1,50.21
8,9,26.54
8,7,44.78
1,2,10.0
7,4,56.09
6,5,36.1
3,8,10.0
1,9,10.0
2,3,10.0
1,6,10.0
3,8,10.0
6,8,20.14
2,5,10.0
6,10,14.4
10,3,83.53
8,5,54.06
3,5,15.65
3,2,27.66
1,3,10.0
3,7,10.0
7,7,41.92
9,5,58.52
8,3,67.03
3,4,25.05
5,1,59.97
1,7,10.0
1,3,10.0
9,8,47.13
10,6,78.86
7,8,28.24
4,4,24.19
4,10,10.0
3,2,29.02
5,8,10.0
8,2,80.21
3,1,36.06
6,5,43.78
4,3,31.72
3,1,34.12
1,4,10.0
8,5,57.08
7,4,52.27
7,7,36.21
8,3,69.03
10,8,54.79
9,1,84.99
10,5,75.74
3,9,10.0
2,1,28.26
4,2,35.82
4,8,10.0
8,1,78.12
8,3,67.25
7,7,36.49
5,2,47.09
1,3,10.0
6,1,62.89
1,8,10.0
2,10,10.0
6,10,10.0
1,7,10.0
6,5,35.06
9,10,34.71
6,4,43.03
1,5,10.0
9,4,62.56
7,9,21.56
5,10,10.0
7,2,61.6
6,9,14.69
8,8,39.99
8,6,52.54
8,7,51.09
6,7,23.58
2,3,15.37
1,3,10.0
6,5,38.24
2,3,10.0
7,10,19.92
10,4,83.94
2,4,11.1
7,5,44.94
1,9,10.0
6,1,60.73
8,9,37.89
4,8,10.0
2,8,10.0
9,8,48.78
6,5,45.42
2,3,17.8
5,2,47.1
7,1,69.65
3,6,10.0
1,4,10.0
10,1,96.11
5,2,52.64
5,10,10.0
7,6,39.32
6,4,44.17
1,1,19.67
1,8,10.0
7,5,46.0
2,6,10.0
9,3,74.84
9,5,61.77
4,1,45.42
3,1,39.35
8,7,44.87
4,6,14.36
3,6,10.0
3,9,10.0
3,1,39.14
1,7,10.0
5,10,10.0
2,10,10.0
7,2,70.87
4,5,20.65
2,8,10.0
8,3,72.34
8,3,65.22
1,6,10.0
5,6,22.19
10,2,92.96
2,3,14.68
9,8,47.12
2,8,10.0
7,2,67.75
2,7,10.0
2,3,16.46
1,4,10.0
1,2,15.72
9,1,94.43
2,5,10.0
3,4,15.91
9,3,81.31
6,5,36.9
6,9,18.64
9,1,89.87
7,7,38.26
3,6,10.0
9,8,50.43
4,2,35.81
10,10,49.38
3,3,25.87
9,1,87.0
3,8,10.0
1,5,10.0
10,4,85.99
3,8,10.0
3,3,21.1
5,3,43.52
9,8,44.89
7,1,74.13
3,9,10.0
3,10,10.0
4,6,17.05
7,2,65.12
4,6,15.35
9,9,43.03
3,8,10.0
7,4,52.4
10,10,42.87
9,1,86.25
5,2,47.44
4,9,10.0
2,4,10.0
5,1,58.18
3,10,10.0
3,2,31.3
10,4,80.19
7,1,71.71
6,6,32.02
3,5,11.68
9,3,73.13
7,8,31.54
8,4,63.54
4,8,10.0
7,8,30.75
9,1,93.7
8,1,77.35
7,1,73.64
5,1,56.32
8,10,30.25
8,1,80.58
4,5,21.94
9,5,67.28
1,10,10.0
9,4,64.38
1,10,10.0
5,9,10.0
6,3,51.17
10,9,49.2
5,1,56.27
4,2,45.12
5,10,10.0
7,7,35.68
2,3,18.51
7,7,34.96
9,9,41.99
7,9,24.48
4,6,12.8
8,10,25.38
10,7,66.76
8,4,62.38
9,5,64.19
6,5,37.06
1,4,10.0
9,7,48.39
9,1,90.71
1,5,10.0
9,9,41.2
1,5,10.0
2,5,10.0
6,2,58.28
7,3,60.45
7,1,70.52
6,7,32.16
8,10,31.68
8,9,32.71
1,10,10.0
9,10,33.45
4,3,30.31
4,10,10.0
9,8,48.28
10,7,61.85
2,1,30.91
6,1,67.13
2,8,10.0
9,4,72.09
3,2,28.43
6,9,18.17
3,8,10.0
5,5,26.14
3,7,10.0
8,6,52.52
4,10,10.0
3,10,10.0
8,8,40.03
7,3,58.83
1,4,10.0
3,8,10.0
3,1,40.12
4,10,10.0
1,4,10.0
10,1,95.29
9,5,76.49
2,4,10.0
7,7,38.0
2,9,10.0
8,10,27.94
3,6,10.0
6,8,22.34
8,3,68.48
5,3,37.03
7,3,61.9
9,3,78.9
5,2,45.82
10,10,44.33
7,7,37.83
8,8,34.81
10,10,43.08
4,6,13.85
8,10,27.05
8,10,32.73
1,5,10.0
7,8,31.07
6,9,11.43
9,6,62.64
10,1,105.13
8,4,58.8
4,3,34.41
2,8,10.0
3,3,24.53
7,7,45.0
9,6,62.47
3,9,10.0
7,4,52.69
10,6,67.35
1,2,11.63
3,1,37.3
2,10,10.0
6,8,21.45
9,9,36.37
3,1,36.01
8,1,79.21
9,10,32.32
8,3,70.5
9,8,43.3
9,8,49.04
3,9,10.0
9,6,53.51
1,5,10.0
4,1,39.73
10,2,90.33
1,4,10.0
2,6,10.0
4,3,32.45
10,10,48.81
8,9,30.41
10,9,56.66
6,5,35.35
4,4,25.9
4,6,10.0
6,4,51.03
1,1,13.82
5,7,14.01
4,7,10.57
8,5,53.4
10,6,71.83
9,4,74.49
10,10,45.76
2,10,10.0
2,1,31.36
8,3,74.57
6,9,12.58
8,8,40.2
1,5,10.0
3,10,10.0
7,7,33.17
7,10,12.02
5,10,10.0
9,10,35.25
2,10,10.0
1,9,10.0
3,7,10.0
7,9,19.86
8,4,62.77
8,1,85.92
2,5,10.0
6,1,61.97
5,8,14.4
2,8,10.0
10,9,51.86
1,6,10.0
4,7,10.0
6,10,12.68
9,5,63.3
9,3,81.84
3,9,10.0
9,3,75.85
6,7,32.46
8,1,81.87
8,6,45.52
3,9,10.0
3,7,10.0
9,4,69.89
10,10,42.96
3,9,10.0
4,6,18.2
7,6,43.75
9,6,60.57
3,2,30.98
1,2,14.28
2,1,26.87
10,2,91.12
4,1,47.68
7,7,33.19
1,1,15.95
4,10,10.0
2,1,29.15
7,9,22.39
7,9,25.69
7,3,68.55
6,3,52.35
5,9,10.0
3,8,10.0
8,6,48.95
7,7,35.89
2,2,15.0
5,4,31.19
2,3,15.68
3,9,10.0
7,8,28.79
10,2,91.5
2,2,21.58
1,10,10.0
6,10,10.0
5,8,10.96
7,7,35.96
4,4,30.51
2,3,14.04
7,3,58.53
2,4,12.26
3,1,33.15
5,6,26.94
4,3,39.85
10,3,81.73
4,3,36.93
2,8,10.0
9,5,62.85
2,1,29.66
9,2,84.9
9,6,63.57
5,7,21.02
8,1,80.51
5,6,24.4
9,4,73.78
6,1,66.97
8,9,30.44
10,4,81.23
7,2,60.88
5,4,36.54
5,10,10.0
7,10,19.6
6,1,66.9
3,6,10.0
9,6,58.35
10,7,57.24
6,5,40.13
7,3,59.75
7,3,57.77
2,5,10.0
2,9,10.0
2,2,25.9
10,1,94.47
10,6,67.16
7,3,62.82
5,5,29.68
10,8,57.74
2,7,10.0
1,7,10.0
4,7,13.38
2,3,14.66
1,7,10.0
10,3,88.69
4,5,25.47
8,7,42.14
1,4,10.0
7,8,27.73
6,4,44.51
1,1,20.58
3,7,10.0
9,10,33.18
7,10,15.8
3,10,10.0
5,2,45.94
9,7,56.69
10,7,65.1
9,5,67.99
3,8,10.0
5,4,32.78
6,10,10.0
1,9,10.0
7,9,25.08
9,5,65.16
6,4,46.36
6,3,45.97
8,6,49.68
2,3,14.44
1,6,10.0
5,4,32.55
8,8,44.48
5,4,33.53
7,8,27.13
6,2,59.54
2,1,27.42
6,10,10.0
3,5,10.0
1,1,14.86
2,6,10.0
8,7,43.83
7,8,29.97
4,3,34.45
8,3,70.7
4,4,31.67
6,6,34.4
10,5,79.77
10,8,53.38
6,5,38.27
6,2,53.8
5,1,58.03
5,9,10.0
8,8,44.37
3,8,10.0
3,3,19.17
10,10,50.53
5,1,47.64
4,5,21.04
8,9,31.28
8,6,50.24
6,5,38.56
9,10,37.41
8,8,39.61
10,1,94.34
4,6,10.89
3,9,10.0
3,8,10.0
7,9,20.52
8,7,43.11
1,3,10.0
2,9,10.0
3,6,10.0
10,4,79.85
10,9,52.73
1,5,10.0
2,1,21.56
9,5,66.79
5,4,37.39
5,9,10.0
7,10,15.6
9,1,96.95
8,4,61.85
6,3,52.42
1,3,10.0
10,6,69.9
3,9,10.0
4,10,10.0
8,6,47.15
7,10,19.37
9,1,93.2
8,10,31.82
5,6,26.99
4,9,10.0
8,5,57.0
9,3,82.47
10,1,94.51
3,2,31.05
10,4,80.34
9,1,87.37
4,7,10.02
10,5,76.49
8,3,69.63
6,2,53.61
6,4,44.15
1,1,20.38
1,8,10.0
4,6,15.07
3,2,33.54
9,8,46.32
2,3,12.71
8,9,28.64
10,7,67.98
10,6,64.04
10,6,64.18
7,7,39.38
8,4,58.09
7,8,34.7
3,8,10.0
3,3,19.07
3,1,32.19
7,9,22.61
1,2,10.0
8,8,36.62
7,3,61.49
7,7,35.82
8,4,63.64
1,5,10.0
2,5,10.0
3,2,28.51
4,3,33.85
3,7,10.0
5,8,11.52
2,2,15.16
7,6,43.96
7,2,66.43
7,4,54.66
8,1,85.61
1,6,10.0
7,4,54.65
2,7,10.0
9,1,96.32
10,8,58.46
8,4,58.73
7,7,36.74
1,1,16.69
1,4,10.0
1,5,10.0
3,5,15.78
7,1,69.95
9,1,90.91
9,5,67.33
5,2,48.39
4,2,37.36
6,7,31.41
9,10,32.19
7,4,54.36
10,3,86.29
1,10,10.0
3,3,23.23
8,3,64.42
5,10,10.0
10,4,76.6
1,9,10.0
8,5,57.61
4,7,10.0
6,10,10.61
8,5,59.86
1,4,10.0
1,6,10.0
7,9,26.28
9,6,60.44
5,3,41.82
9,6,66.26
1,9,10.0
10,3,86.73
8,2,77.38
8,7,45.11
3,1,35.5
3,2,35.12
3,4,20.11
10,10,43.77
3,9,10.0
4,7,13.8
9,7,50.93
7,1,71.27
2,7,10.0
1,6,10.0
10,4,81.05
10,8,53.75
1,7,10.0
3,2,26.87
8,9,36.44
4,10,10.0
2,2,15.2
4,7,10.0
5,7,13.77
7,3,63.42
2,6,10.0
7,3,61.2
3,5,12.66
9,10,35.6
1,5,10.0
8,6,61.03
4,9,10.0
4,3,34.31
1,2,16.17
9,4,69.38
6,9,11.31
5,6,30.07
5,7,14.89
4,2,37.51
6,3,52.55
9,3,77.02
3,10,10.0
5,9,10.0
1,4,10.0
1,8,10.0
10,1,100.24
9,7,52.43
3,2,30.56
2,5,10.0
9,7,50.66
8,5,57.76
3,6,12.42
10,7,64.59
9,4,69.77
10,3,87.47
5,8,10.0
3,6,10.0
6,5,38.51
8,5,59.39
5,2,47.34
5,5,25.74
4,3,36.46
9,9,40.52
9,7,51.16
2,8,10.0
1,5,10.0
7,2,66.76
9,2,82.47
1,9,10.0
9,5,71.55
8,3,69.7
2,5,10.0
3,6,10.0
5,3,42.7
4,6,15.64
1,6,10.0
4,8,10.0
9,1,85.6
7,2,69.97
2,10,10.0
10,9,47.41
5,10,10.0
9,8,44.85
5,6,24.12
4,6,13.99
4,10,10.0
9,8,48.19
5,1,58.26
5,4,31.99
5,5,29.29
5,10,10.0
4,6,17.13
10,9,46.56
2,6,10.0
3,2,32.93
9,7,54.09
1,10,10.0
6,3,56.42
3,3,25.09
1,1,17.38
5,2,50.01
3,2,27.14
10,8,50.99
6,3,46.32
3,3,29.47
9,9,43.55
5,7,18.68
10,7,65.21
9,8,48.49
6,5,39.96
10,2,95.19
2,9,10.0
6,7,27.97
10,10,50.58
10,8,60.61
5,6,26.3
5,5,35.74
4,10,10.0
8,5,56.63
5,6,24.52
9,1,96.74
4,5,20.34
3,7,10.0
10,1,99.4
2,9,10.0
10,2,88.31
9,9,41.06
2,3,12.43
7,3,57.28
1,5,10.0
7,7,35.58
2,6,10.0
5,2,48.74
1,3,10.0
8,1,84.3
6,2,55.34
10,1,99.3
6,8,20.93
5,2,47.99
3,2,31.84
4,8,10.0
4,1,46.69
4,5,26.59
10,10,41.37
4,1,47.65
10,2,90.5
6,6,35.75
1,8,10.0
8,1,84.56
1,4,10.0
8,9,28.59
7,8,33.38
9,5,66.28
8,4,64.55
4,8,10.0
1,10,10.0
6,8,21.96
10,1,95.97
5,1,53.24
8,9,36.19
1,6,10.0
1,7,10.0
1,5,10.0
8,8,44.81
3,10,10.0
9,10,36.73
7,4,52.43
5,9,10.0
7,3,62.08
2,3,14.23
5,7,18.12
1,1,16.27
6,3,54.03
7,4,58.76
3,5,10.0
4,3,31.37
2,3,14.5
8,1,75.21
3,4,23.68
4,6,16.73
4,8,10.0
2,5,10.0
2,4,11.31
5,10,10.0
5,8,13.88
9,6,57.21
6,7,21.33
2,8,10.0
8,6,53.06
10,7,60.99
9,6,62.31
1,1,21.11
9,2,79.44
4,10,10.0
4,7,10.0
9,6,61.66
8,9,31.03
2,5,10.0
2,3,20.38
5,3,44.12
7,6,44.52
2,8,10.0
1,10,10.0
5,5,30.15
7,1,69.87
7,1,75.72
5,3,42.01
10,8,56.39
4,5,21.07
6,9,16.72
3,3,29.06
4,10,10.0
10,1,100.91
4,1,51.45
8,2,75.36
2,10,10.0
9,3,74.87
5,9,10.0
3,3,20.37
4,9,10.0
8,9,31.43
6,10,11.4
4,9,10.0
5,3,40.13
7,3,59.86
7,6,44.8
6,5,43.59
1,8,10.0
1,4,10.0
1,10,10.0
4,5,20.47
5,9,10.0
10,9,51.01
5,7,22.09
2,10,10.0
2,10,10.0
9,2,82.19
6,2,58.24
6,1,66.0
7,5,46.66
5,6,25.21
3,2,25.9
10,10,45.84
3,8,10.0
1,8,10.0
4,2,39.68
10,2,97.0
6,7,28.17
4,7,10.0
9,6,55.46
5,6,23.03
7,5,46.75
2,2,23.46
6,8,21.3
2,2,18.73
7,8,31.37
8,3,70.89
8,10,27.17
8,3,62.98
3,5,13.35
3,8,10.0
9,9,41.65
10,8,62.38
10,4,78.63
5,6,21.35
5,5,27.45
9,9,42.08
10,2,93.45
5,2,49.51
9,8,51.59
10,1,100.03
8,1,83.52
1,1,15.27
10,2,89.66
10,4,84.64
5,8,11.55
8,5,54.3
6,1,60.53
7,10,18.2
5,10,10.0
3,1,36.88
1,2,15.25
7,1,71.98
9,10,34.8
10,10,50.48
5,8,10.14
9,5,67.94
8,4,61.1
5,4,34.96
10,7,61.62
4,3,37.58
9,1,94.41
9,10,38.44
4,4,26.3
9,4,70.5
6,8,20.41
6,10,10.0
8,5,58.65
3,3,23.99
6,4,41.71
10,8,56.78
8,2,77.56
1,4,10.0
6,6,34.61
7,3,54.14
3,1,37.38
5,10,10.0
9,4,69.95
5,4,39.91
10,10,48.25
6,10,14.43
7,2,64.25
7,6,37.95
3,5,11.67
1,3,10.0
7,9,23.81
1,10,10.0
8,8,40.95
5,1,52.39
5,1,54.53
7,3,56.22
3,4,17.8
8,9,32.27
2,8,10.0
6,8,20.94
4,7,10.0
5,7,17.26
9,7,53.81
10,4,79.17
5,6,22.71
8,6,51.48
9,10,39.71
8,2,69.18
6,4,47.2
6,6,31.73
9,7,51.73
8,1,82.2
3,4,23.27
5,9,10.0
6,4,45.62
8,9,30.36
5,5,26.34
7,7,36.39
8,2,77.5
8,7,45.58
6,2,61.65
2,8,10.0
4,7,12.5
6,9,14.36
8,4,64.74
3,9,10.0
5,1,57.37
3,1,30.89
1,10,10.0
1,1,22.15
1,1,15.81
10,4,82.87
8,9,29.7
7,3,57.09
3,6,10.0
6,5,37.93
10,10,45.28
1,2,10.0
6,6,30.82
1,6,10.0
5,3,45.56
5,4,32.36
2,10,10.0
5,3,41.73
4,3,31.98
10,8,53.62
4,4,26.58
7,1,69.8
8,9,31.5
7,1,71.42
2,6,10.0
6,7,27.09
2,5,10.0
2,4,15.38
4,1,40.74
1,5,10.0
3,8,10.0
1,8,10.0
5,2,45.49
10,2,88.54
2,5,10.0
6,2,54.81
6,10,10.0
4,2,33.02
4,5,22.02
10,3,88.1
3,10,10.0
9,6,57.67
7,9,27.41
2,10,10.0
2,8,10.0
5,4,38.02
10,9,51.65
9,4,69.88
7,10,18.51
9,3,78.39
5,3,40.55
9,6,65.47
8,3,71.13
3,5,11.13
5,2,47.89
5,9,10.0
1,4,10.0
6,8,21.72
8,1,77.62
6,4,41.43
5,8,14.89
6,4,45.19
9,3,75.86
10,8,59.29
5,10,10.0
7,2,69.9
1,9,10.0
8,4,58.92
4,9,10.0
3,4,19.47
4,6,12.89
4,6,18.92
7,3,59.91
6,7,27.11
6,10,10.0
2,9,10.0
7,6,33.97
7,4,51.43
9,6,60.23
5,4,33.16
5,6,29.68
10,10,45.72
6,6,31.57
4,2,32.67
8,2,78.42
1,4,10.0
3,1,38.15
6,4,44.05
8,9,34.79
3,9,10.0
8,8,34.2
3,7,10.0
3,2,31.55
6,5,38.96
6,6,34.42
7,5,46.71
6,9,13.73
3,10,10.0
10,10,44.17
10,6,70.15
9,10,38.14
3,10,10.0
4,1,48.7
9,4,67.07
9,9,42.62
9,5,65.05
1,5,10.0
4,6,16.94
7,3,64.57
10,7,64.38
1,6,10.0
8,10,27.73
4,1,48.74
10,2,92.94
9,7,54.01
7,2,67.47
6,4,47.46
9,7,53.21
9,3,76.51
10,5,74.55
5,7,19.9
8,10,25.11
4,4,27.72
3,5,11.63
5,9,10.0
4,3,30.46
8,6,50.94
8,1,86.05
3,1,31.69
4,10,10.0
8,8,39.83
6,7,21.06
1,9,10.0
8,5,56.18
4,5,26.16
2,5,10.0
9,9,39.55
3,5,12.73
6,4,44.15
6,9,16.19
4,8,10.0
8,9,34.87
7,9,26.15
6,2,56.82
5,6,25.43
1,9,10.0
4,7,10.0
1,1,19.25
10,10,48.14
6,3,54.56
9,8,43.77
2,10,10.0
9,8,50.67
5,3,35.7
5,4,39.12
4,1,44.88
5,5,32.99
9,4,71.07
9,4,71.89
2,10,10.0
6,5,42.88
2,7,10.0
5,2,45.28
10,10,47.28
7,4,51.12
6,4,43.52
2,5,10.0
7,1,69.9
7,3,60.97
3,5,10.0
1,9,10.0
8,2,74.88
8,7,47.07
3,4,13.96
7,7,35.47
10,1,95.18
6,9,17.07
2,9,10.0
4,4,32.01
8,5,54.47
4,2,41.8
9,10,32.72
3,3,29.65
4,4,28.47
10,5,78.11
1,3,10.0
3,1,40.97
6,1,66.48
6,2,60.56
8,3,66.22
7,10,10.58
3,8,10.0
3,5,13.02
7,7,33.1
6,7,27.07
4,5,18.28
10,6,66.73
2,7,10.0
3,5,10.41
3,8,10.0
6,1,64.44
9,2,83.98
9,2,82.93
10,6,67.76
2,10,10.0
6,2,59.19
2,6,10.0
2,6,10.0
9,3,78.93
2,9,10.0
4,5,18.96
5,2,49.28
8,8,39.49
3,4,17.58
7,7,38.96
2,4,10.0
5,1,59.6
2,7,10.0
3,1,35.35
8,4,61.42
9,9,41.04
8,7,44.58
3,2,29.56
3,4,19.18
9,9,33.33
8,4,69.44
4,9,10.0
1,8,10.0
10,6,66.38
6,7,26.28
5,4,35.34
3,1,38.69
1,10,10.0
1,10,10.0
4,3,34.62
1,8,10.0
5,4,37.95
2,8,10.0
2,9,10.0
9,9,45.28
2,6,10.0
4,10,10.0
7,3,58.3
4,4,26.32
2,6,10.0
8,10,25.71
9,10,37.43
8,10,28.01
7,9,21.03
3,5,10.61
4,10,10.0
2,1,31.26
2,5,10.0
10,1,98.5
5,4,36.91
1,2,15.27
10,7,61.51
1,1,14.67
6,1,59.44
2,3,16.27
1,7,10.0
7,3,60.06
2,5,10.0
9,8,45.65
10,9,56.5
8,3,71.93
2,7,10.0
9,2,88.01
7,7,33.89
4,9,10.0
2,3,15.69
2,7,10.0
9,7,50.86
10,5,76.94
7,1,76.45
5,6,21.84
10,4,80.11
1,1,14.59
7,10,21.8
1,9,10.0
3,3,22.95
2,6,10.0
2,10,10.0
2,6,10.0
9,7,53.13
7,1,75.0
1,1,21.86
5,6,22.89
2,10,10.0
10,8,61.69
7,7,36.71
8,2,75.15
10,9,51.08
9,8,47.33
5,8,14.5
6,3,52.68
9,10,34.86
10,6,68.63
7,9,25.65
4,5,25.65
7,3,57.27
2,2,23.52
10,5,76.97
1,10,10.0
3,6,10.0
5,4,29.31
5,5,32.84
4,1,42.22
8,6,47.09
7,2,68.95
6,2,58.92
6,6,39.66
6,7,21.08
4,7,10.6
7,1,71.19
1,5,10.0
2,4,10.0
4,9,10.0
7,6,41.59
4,2,44.62
2,7,10.0
2,1,24.62
3,4,15.69
10,9,52.46
2,1,27.17
4,9,10.0
10,9,50.17
1,1,19.23
6,10,10.99
5,1,50.21
9,1,95.4
1,2,11.29
7,9,24.5
10,3,86.35
5,5,29.26
10,7,63.38
1,8,10.0
5,2,50.62
7,7,30.35
7,10,20.19
4,1,38.14
8,7,47.71
7,9,24.18
8,7,45.74
4,8,10.0
5,2,47.45
5,5,39.98
5,3,45.97
2,6,10.0
1,9,10.0
4,2,44.47
8,10,24.49
4,4,27.56
5,7,20.7
9,7,56.28
1,1,19.54
7,1,73.89
3,1,37.43
3,10,10.0
8,5,59.69
8,9,34.02
1,10,10.0
4,4,30.91
5,7,20.16
9,9,44.54
7,6,35.41
9,2,88.07
9,1,87.35
10,6,73.42
1,6,10.0
4,8,10.0
2,4,10.0
4,5,24.51
4,1,39.8
3,10,10.0
10,9,46.4
6,10,10.0
4,3,40.02
6,2,52.5
2,9,10.0
4,1,43.07
9,7,56.45
4,7,10.0
1,2,14.52
2,4,10.0
6,7,25.85
10,1,98.05
10,9,54.8
3,7,10.0
1,7,10.0
8,2,70.33
4,3,35.75
10,10,44.81
6,5,37.42
6,1,63.09
6,6,32.37
8,2,69.32
3,1,35.36
7,6,43.42
7,9,25.47
10,5,76.28
5,1,58.85
6,9,14.4
9,2,78.84
2,1,27.94
1,4,10.0
2,5,10.0
9,1,88.64
7,7,35.28
8,9,32.48
1,2,11.06
1,4,10.0
7,10,23.02
5,9,10.24
5,3,45.97
3,8,10.0
4,3,35.32
5,5,25.83
1,7,10.0
2,10,10.0
8,9,36.57
1,5,10.0
10,10,47.34
6,6,33.59
7,7,38.88
8,4,68.54
3,1,36.42
4,6,13.53
4,4,32.75
10,2,88.37
10,8,52.74
7,4,52.53
1,1,19.45
10,8,54.7
6,2,58.34
4,4,26.03
1,6,10.0
1,9,10.0
8,7,43.92
7,1,70.04
2,4,10.0
7,2,65.98
2,9,10.0
8,7,44.3
7,7,35.95
5,6,21.1
1,6,10.0
7,7,39.39
1,9,10.0
2,2,26.09
1,7,10.0
7,4,57.06
3,7,10.0
4,3,35.34
7,5,50.12
3,2,32.6
8,1,82.86
5,4,35.2
5,7,17.48
2,9,10.0
9,2,89.68
8,3,75.82
7,9,22.83
10,2,91.73
4,3,38.21
6,4,42.3
8,1,84.99
7,9,23.84
8,8,37.79
4,7,10.23
10,3,94.23
1,6,10.0
6,7,26.17
9,9,51.38
2,4,10.0
6,6,30.11
8,7,44.4
6,2,57.22
10,9,46.58
7,5,46.32
8,8,32.17
7,5,54.89
6,8,22.54
7,6,42.27
8,7,42.53
3,2,27.89
5,1,50.83
9,8,46.65
10,4,82.37
5,3,41.22
8,2,72.31
1,8,10.0
6,5,42.24
2,10,10.0
4,4,34.05
8,7,42.36
1,1,20.61
2,1,26.44
2,4,10.0
3,8,10.0
10,10,50.01
10,9,52.43
4,2,38.51
3,7,10.0
2,8,10.0
7,3,61.16
1,1,18.62
8,2,72.33
9,7,54.29
4,8,10.0
8,8,36.41
10,7,61.95
7,3,54.9
9,1,88.88
7,3,58.47
1,3,10.0
4,8,10.0
6,2,54.56
9,5,69.97
4,1,47.49
2,7,10.0
6,8,23.25
3,1,33.69
3,4,13.73
3,7,10.0
6,9,17.84
2,1,25.82
3,8,10.0
7,10,19.49
4,6,14.22
3,1,37.05
8,7,45.34
1,9,10.0
6,8,20.88
7,4,51.73
1,9,10.0
3,7,10.0
9,1,91.22
9,4,65.59
10,9,50.31
3,8,10.0
9,7,52.95
8,6,51.19
2,8,10.0
7,3,58.04
7,2,63.69
8,2,70.03
4,6,12.37
10,8,59.21
7,2,67.0
3,7,10.0
6,5,41.93
2,4,10.0
8,7,45.13
8,8,39.91
4,4,27.43
5,4,43.39
5,10,10.0
3,5,10.0
4,6,14.63
9,9,43.43
2,8,10.0
3,4,15.42
2,7,10.0
6,3,51.01
9,6,60.97
3,3,22.88
9,5,69.07
1,1,16.75
2,3,18.21
5,3,46.67
3,2,29.78
5,4,33.24
7,6,44.16
6,8,15.98
3,6,14.49
8,8,36.84
10,10,46.35
10,3,80.36
10,7,67.37
4,3,31.08
10,3,90.16
10,10,43.55
9,7,50.5
5,10,10.0
7,2,63.42
5,5,25.24
7,8,32.9
10,4,86.15
1,5,10.0
6,7,27.49
4,3,28.63
3,5,15.06
4,7,10.0
10,8,55.3
1,7,10.0
8,9,28.67
5,3,42.75
2,9,10.0
4,10,10.0
5,3,40.73
6,4,46.74
1,1,17.75
5,6,22.88
10,10,46.02
1,3,10.0
2,6,10.0
6,10,10.0
5,10,10.0
6,10,10.0
10,5,72.14
9,10,34.05
4,10,10.0
1,4,10.0
7,6,43.5
4,7,10.0
10,3,91.71
5,8,11.89
7,2,71.19
6,7,24.57
7,3,60.83
7,7,38.23
9,8,44.46
9,6,57.73
10,8,58.75
7,4,49.55
3,2,29.94
7,10,16.96
5,3,45.96
9,8,50.6
10,1,101.01
10,3,87.1
2,3,15.57
1,3,10.0
10,5,68.08
3,7,10.0
4,1,45.65
3,5,10.0
7,1,80.91
1,4,10.0
10,3,84.69
5,8,12.99
9,6,54.67
4,5,17.8
5,9,10.0
5,7,17.99
4,7,10.0
1,7,10.0
9,7,55.4
3,5,10.38
5,10,10.0
4,8,10.0
8,3,64.78
2,6,10.0
1,7,10.0
9,4,71.58
8,4,65.93
1,10,10.0
10,1,97.89
10,7,60.14
1,6,10.0
6,3,50.2
5,1,55.8
8,7,47.81
3,1,43.44
8,4,63.6
8,2,81.55
2,4,10.0
5,3,44.3
3,9,10.0
5,4,30.18
10,2,89.3
10,2,92.45
6,1,69.65
9,6,54.41
6,2,53.83
4,8,10.0
10,9,48.68
1,10,10.0
7,7,36.16
4,10,10.0
5,8,11.36
9,10,40.88
10,1,101.86
3,4,17.85
10,2,92.19
4,6,15.29
7,8,29.07
6,5,36.24
5,8,10.0
7,1,77.18
5,4,39.26
5,5,34.92
6,8,17.51
5,1,53.01
2,3,16.26
3,4,14.51
9,9,37.89
9,5,62.81
10,4,76.27
2,7,10.0
10,8,52.02
5,7,15.49
8,8,37.36
8,3,69.25
6,10,10.0
7,5,51.25
10,10,48.62
2,5,10.0
3,4,19.63
2,3,16.59
3,4,21.34
7,7,40.11
6,4,46.7
6,6,33.91
2,9,10.0
5,10,10.0
7,3,57.69
7,3,58.56
8,7,47.4
6,8,23.45
8,7,43.85
9,6,59.79
9,9,46.88
10,9,50.16
6,5,34.51
10,2,97.94
10,10,41.58
8,9,31.3
8,10,24.72
3,3,19.22
8,10,23.37
5,8,13.99
6,8,15.02
9,3,78.96
10,4,83.89
3,3,28.11
8,10,32.75
7,2,61.35
9,9,47.18
8,9,32.32
2,4,13.71
2,8,10.0
2,1,24.57
7,7,37.2
4,6,12.33
9,5,64.35
10,6,67.29
8,8,43.33
4,2,41.56
10,9,49.31
9,10,32.9
3,4,13.95
9,9,41.99
2,9,10.0
2,2,22.06
5,9,10.0
7,5,48.45
1,10,10.0
7,4,56.34
2,5,10.0
7,9,29.87
10,1,95.25
3,5,11.74
5,4,35.53
1,6,10.0
6,4,41.1
3,4,14.17
8,5,53.43
1,7,10.0
5,4,34.09
10,5,82.77
3,2,25.78
6,7,28.66
5,8,12.34
9,3,74.47
6,5,34.89
5,9,10.0
10,8,56.45
9,4,69.58
4,10,10.0
5,10,10.0
10,1,100.07
6,1,63.3
8,3,65.91
8,7,42.98
3,8,10.0
7,2,70.29
2,3,16.52
7,8,23.52
6,8,26.48
5,4,39.7
6,7,27.55
5,6,29.55
7,7,37.92
1,1,20.48
7,3,66.71
2,5,10.0
10,10,47.27
7,10,21.22
8,1,83.53
9,10,35.93
4,2,36.59
6,10,10.0
7,1,75.34
7,1,69.51
4,5,25.81
8,8,41.21
7,5,52.52
3,9,10.0
1,4,10.0
3,10,10.0
8,8,37.94
6,7,24.25
3,6,10.0
2,5,10.0
5,4,36.0
1,2,17.26
5,5,25.88
8,8,39.06
6,6,32.22
4,1,48.11
9,8,47.1
5,2,49.09
6,1,56.78
7,3,61.87
5,8,13.3
1,10,10.0
2,10,10.0
7,3,62.86
7,10,21.84
8,5,58.91
3,5,10.57
9,5,59.8
3,3,22.59
6,1,63.27
8,2,77.1
1,7,10.0
8,5,55.26
1,1,17.88
7,4,54.69
4,8,10.0
1,9,10.0
8,1,76.62
9,9,38.13
3,2,34.03
4,1,48.28
2,1,24.63
4,5,20.05
1,2,12.6
2,8,10.0
2,7,10.0
3,1,29.13
7,3,61.43
6,3,51.12
5,10,10.0
7,9,20.12
8,4,65.44
5,3,44.08
2,10,10.0
4,7,10.99
10,1,100.18
10,4,82.54
9,2,86.28
7,1,74.26
3,7,10.0
5,3,37.29
5,5,26.09
5,7,20.7
8,5,58.72
8,6,54.76
5,10,10.0
5,2,48.12
6,7,27.39
9,2,87.69
7,3,59.8
9,1,87.71
8,6,52.61
8,3,69.44
4,10,10.0
3,3,26.37
9,4,72.32
8,7,40.34
4,6,17.57
4,10,10.0
8,8,37.48
9,10,36.75
8,9,29.25
6,7,24.25
5,7,18.12
9,2,84.25
7,4,56.04
3,5,10.0
5,7,20.99
10,8,54.83
4,2,41.16
3,9,10.0
9,9,44.35
1,9,10.0
9,10,32.96
1,5,10.0
2,7,10.0
5,2,43.03
10,5,76.47
8,1,78.46
4,9,10.0
1,3,10.0
8,5,56.86
9,1,87.85
2,6,10.0
8,8,37.93
5,10,10.0
2,2,17.64
3,4,10.77
1,10,10.0
3,5,10.0
2,7,10.0
1,7,10.0
4,10,10.0
5,3,36.08
5,2,47.62
7,4,51.7
8,1,85.31
7,8,31.04
4,1,42.32
2,5,10.0
10,9,55.28
1,10,10.0
7,5,48.27
6,4,44.37
3,6,10.0
10,2,91.13
4,1,47.38
6,2,56.94
10,5,75.2
9,8,42.45
4,3,30.57
2,5,10.0
1,8,10.0
10,9,48.36
1,3,10.0
4,7,10.0
10,1,92.73
5,2,51.12
7,4,64.08
3,3,24.03
1,5,10.0
9,9,44.26
5,4,36.25
1,9,10.0
2,4,10.0
7,5,52.18
10,4,79.07
3,10,10.0
9,1,94.02
2,3,16.16
10,2,93.46
10,6,68.4
2,7,10.0
1,4,10.0
10,7,68.85
9,8,52.46
9,2,80.33
7,9,23.27
7,9,23.34
10,8,63.39
6,9,10.77
6,6,31.37
2,1,28.41
10,8,63.02
9,8,49.28
9,10,32.85
3,7,10.0
2,10,10.0
5,10,10.0
8,8,40.58
3,5,11.34
10,10,41.31
3,4,15.37
1,1,20.33
5,7,15.05
6,10,11.44
10,10,43.98
10,9,51.68
9,10,39.79
9,8,49.38
10,9,47.17
7,1,64.34
1,10,10.0
7,5,49.36
10,3,89.0
6,8,27.58
2,5,10.0
9,1,93.88
1,6,10.0
2,1,35.51
8,2,81.2
7,1,72.72
6,1,65.33
10,7,62.84
8,4,65.1
10,10,41.91
3,2,28.17
10,5,78.01
8,10,22.5
3,2,23.91
2,9,10.0
1,1,15.86
4,8,10.0
9,4,70.38
4,5,21.96
3,8,10.0
5,5,30.8
3,1,34.14
6,5,41.42
3,5,13.48
9,9,48.54
3,9,10.0
4,4,23.52
1,10,10.0
6,6,33.12
1,2,10.0
9,3,79.49
2,10,10.0
9,6,58.39
4,1,38.87
6,7,32.68
3,1,31.96
9,6,55.04
9,10,35.04
6,2,56.19
10,1,99.3
6,7,30.01
1,5,10.0
4,1,45.91
3,7,10.0
4,1,45.33
2,6,10.0
10,9,46.16
4,1,47.55
2,3,17.18
5,8,13.91
8,10,30.77
4,8,10.0
2,9,10.0
5,10,10.0
3,10,10.0
7,9,24.93
10,4,76.87
2,3,14.12
6,6,34.61
6,4,42.75
8,5,55.47
9,2,85.86
5,1,52.71
8,6,47.32
6,1,63.73
5,2,46.42
3,3,24.62
4,2,40.39
2,8,10.0
10,5,76.07
2,6,10.0
8,1,81.34
10,7,66.41
5,7,18.81
7,9,19.23
10,2,91.57
8,3,65.6
8,7,50.12
10,9,50.62
1,7,10.0
8,6,51.26
10,8,61.91
9,6,58.32
4,6,12.42
8,6,56.83
8,2,80.72
7,7,34.54
9,6,59.37
9,5,66.82
10,8,60.16
6,9,14.06
4,8,10.0
6,3,49.75
4,1,46.2
10,5,80.69
3,7,10.0
6,6,39.1
9,1,88.07
6,5,35.98
2,5,10.0
1,10,10.0
8,5,56.96
6,8,18.64
1,2,11.06
7,7,34.95
3,8,10.0
7,10,17.72
3,4,22.15
10,1,100.82
3,8,10.0
8,6,52.17
1,5,10.0
3,6,10.0
2,3,11.74
9,5,69.5
2,2,18.95
9,5,67.67
4,5,18.83
10,8,56.44
2,1,25.7
6,1,60.25
10,7,68.09
4,9,10.0
1,4,10.0
9,7,57.25
5,3,39.74
4,5,21.86
7,8,29.2
6,3,48.1
2,6,10.0
4,8,10.0
3,6,10.0
5,2,48.04
9,7,63.12
7,6,42.29
1,3,10.0
6,10,13.29
9,8,47.37
3,6,10.0
8,4,64.09
6,10,10.0
8,2,74.64
2,1,27.25
2,7,10.0
1,9,10.0
1,1,14.55
2,3,19.81
4,8,10.0
9,2,87.8
3,9,10.0
3,7,10.0
1,4,10.0
3,3,23.31
3,7,10.0
8,4,66.17
2,4,10.0
1,10,10.0
10,8,56.89
1,5,10.0
1,2,11.15
6,2,53.24
2,3,11.68
5,3,42.6
5,5,29.64
8,6,51.97
1,1,17.49
1,4,10.0
10,7,63.05
1,7,10.0
2,10,10.0
6,4,38.33
2,10,10.0
8,5,54.37
3,1,38.8
3,5,13.26
1,4,10.0
8,3,67.97
7,1,64.83
5,9,10.0
7,2,71.02
3,5,10.0
3,8,10.0
3,9,10.0
1,9,10.0
10,8,52.97
4,1,41.76
5,6,23.17
2,8,10.0
6,6,30.31
3,5,12.24
1,4,10.0
5,3,41.9
6,4,44.34
10,4,78.65
6,7,30.49
10,2,91.48
4,1,44.23
9,1,92.85
10,2,93.46
10,3,90.75
5,9,10.0
10,9,48.55
4,10,10.0
7,9,30.0
3,5,13.19
5,3,39.62
8,2,76.59
9,2,83.19
5,6,25.26
7,9,23.68
7,7,41.35
2,5,10.0
10,1,95.28
6,7,25.07
5,3,47.78
9,2,85.58
7,3,53.38
2,10,10.0
7,8,27.98
